method,attribute,stat,value
baseline,positionMag,min,0.23876790706805378628
baseline,positionMag,p5,0.33636573079109471918
baseline,positionMag,p25,0.53779952784475792971
baseline,positionMag,p50,0.80630750691045038892
baseline,positionMag,p75,0.98051020067977801009
baseline,positionMag,p95,1.11829607000961095409
baseline,positionMag,max,1.17546600990291549849
baseline,positionMag,mean,0.76324245967590498285
baseline,positionMag,trueMean,0.76324245967590498285
baseline,positionMag,meanDeviation,0.22261160498617638126
baseline,positionMag,minBits,27.93368085252916444006
baseline,positionMag,p5Bits,28.42810264326024594084
baseline,positionMag,p25Bits,29.10514039872228053696
baseline,positionMag,p50Bits,29.68940206244337431940
baseline,positionMag,p75Bits,29.97160454734115830888
baseline,positionMag,p95Bits,30.16130219611799390123
baseline,positionMag,maxBits,30.23323282451524107728
baseline,positionMag,meanBits,29.51239237040757146247
baseline,positionMag,meanDeviationBits,27.43527728657001318879
baseline,positionMag,columnBits,31.00000000000000000000
baseline,positionMag,varwidthBits,30.25000000000023447910
baseline,positionMag,lzmaBits,8.34399999999999941735
baseline,positionMagTouching,min,0.22624674237685071798
baseline,positionMagTouching,p5,0.32316199230867276304
baseline,positionMagTouching,p25,0.52466991985092903406
baseline,positionMagTouching,p50,0.79300443944159471066
baseline,positionMagTouching,p75,0.96770923485393978147
baseline,positionMagTouching,p95,1.10561642024613737689
baseline,positionMagTouching,max,1.16255808953756090141
baseline,positionMagTouching,mean,0.75038396490615255630
baseline,positionMagTouching,trueMean,0.75038396490615255630
baseline,positionMagTouching,meanDeviation,0.22260712734154711190
baseline,positionMagTouching,minBits,27.85596893663078077452
baseline,positionMagTouching,p5Bits,28.37032944341070361816
baseline,positionMagTouching,p25Bits,29.06948199061750415240
baseline,positionMagTouching,p50Bits,29.66540085102885271340
baseline,positionMagTouching,p75Bits,29.95264553757035841386
baseline,positionMagTouching,p95Bits,30.14485094985377600096
baseline,positionMagTouching,maxBits,30.21730280747320307455
baseline,positionMagTouching,meanBits,29.48381753220246181968
baseline,positionMagTouching,meanDeviationBits,27.43493166341175637513
baseline,positionMagTouching,columnBits,31.00000000000000000000
baseline,positionMagTouching,varwidthBits,30.25000000000023447910
baseline,positionMagTouching,lzmaBits,8.33600000000000029843
baseline,positionTheta,min,1.63412335512137096849
baseline,positionTheta,p5,1.75595595813336502466
baseline,positionTheta,p25,2.01495174665070875264
baseline,positionTheta,p50,2.36544747235516439332
baseline,positionTheta,p75,2.69900219470643154551
baseline,positionTheta,p95,2.96061002629988889723
baseline,positionTheta,max,3.07985071940367971521
baseline,positionTheta,mean,2.35995086131975995158
baseline,positionTheta,trueMean,-2.35995086131975995158
baseline,positionTheta,meanDeviation,0.34145521952367602347
baseline,positionTheta,minBits,30.70851689400486250747
baseline,positionTheta,p5Bits,30.81225666201899571206
baseline,positionTheta,p25Bits,31.01074529135176049977
baseline,positionTheta,p50Bits,31.24211312553914865475
baseline,positionTheta,p75Bits,31.43242615093519276570
baseline,positionTheta,p95Bits,31.56589447110043167299
baseline,positionTheta,maxBits,31.62286042595005142175
baseline,positionTheta,meanBits,31.21846246273032932095
baseline,positionTheta,meanDeviationBits,28.04850894602046906812
baseline,positionTheta,columnBits,32.00000000000000000000
baseline,positionTheta,varwidthBits,32.00000000000002131628
baseline,positionTheta,lzmaBits,8.35200000000000031264
baseline,velocityMag,min,0.50507900451751275295
baseline,velocityMag,p5,0.63756224797584115649
baseline,velocityMag,p25,0.84044789978229750282
baseline,velocityMag,p50,1.02310080322035457101
baseline,velocityMag,p75,1.17154775314919534779
baseline,velocityMag,p95,1.29988466080639586409
baseline,velocityMag,max,1.38986983359144744554
baseline,velocityMag,mean,0.99999999999999888978
baseline,velocityMag,trueMean,0.99999999999999888978
baseline,velocityMag,meanDeviation,0.17480720308603969748
baseline,velocityMag,minBits,29.01458098247732664277
baseline,velocityMag,p5Bits,29.35063811476861417304
baseline,velocityMag,p25Bits,29.74923029641461269534
baseline,velocityMag,p50Bits,30.03294829936331922227
baseline,velocityMag,p75Bits,30.22841576300562493884
baseline,velocityMag,p95Bits,30.37838362019428473104
baseline,velocityMag,maxBits,30.47494977752577227648
baseline,velocityMag,meanBits,29.96654300822088146106
baseline,velocityMag,meanDeviationBits,27.02500633612030611630
baseline,velocityMag,columnBits,31.00000000000000000000
baseline,velocityMag,varwidthBits,30.99999999999954169994
baseline,velocityMag,lzmaBits,8.35200000000000031264
baseline,velocityTheta,min,0.00300193378648249938
baseline,velocityTheta,p5,0.15201401296253291839
baseline,velocityTheta,p25,0.79420475002218537952
baseline,velocityTheta,p50,1.60949757637380841402
baseline,velocityTheta,p75,2.34941655231608814702
baseline,velocityTheta,p95,3.00079358734113466056
baseline,velocityTheta,max,3.13083515367189191281
baseline,velocityTheta,mean,1.57331431400747545624
baseline,velocityTheta,trueMean,0.03104347016759747765
baseline,velocityTheta,meanDeviation,1.57279251977675693652
baseline,velocityTheta,minBits,21.62010876635398304302
baseline,velocityTheta,p5Bits,27.28227624316775390412
baseline,velocityTheta,p25Bits,29.66758289793191849526
baseline,velocityTheta,p50Bits,30.68661040603653589187
baseline,velocityTheta,p75Bits,31.23230252747070423425
baseline,velocityTheta,p95Bits,31.58534408598931975121
baseline,velocityTheta,maxBits,31.64654754982005968600
baseline,velocityTheta,meanBits,30.21484605280586777099
baseline,velocityTheta,meanDeviationBits,30.21487420563133241558
baseline,velocityTheta,columnBits,32.00000000000000000000
baseline,velocityTheta,varwidthBits,31.49999999999978328447
baseline,velocityTheta,lzmaBits,8.34399999999999941735
baseline,radius,min,0.01165118425850481844
baseline,radius,p5,0.01205976242437944469
baseline,radius,p25,0.01254818385392650337
baseline,radius,p50,0.01292298999991942782
baseline,radius,p75,0.01322949391121729275
baseline,radius,p95,0.01341126778571486225
baseline,radius,max,0.01344367414442863666
baseline,radius,mean,0.01285849476974994590
baseline,radius,trueMean,0.01285849476974994590
baseline,radius,meanDeviation,0.00035798650500598421
baseline,radius,minBits,23.57662064270097701524
baseline,radius,p5Bits,23.62634551968018925550
baseline,radius,p25Bits,23.68362259695760130285
baseline,radius,p50Bits,23.72608392403402177706
baseline,radius,p75Bits,23.75990188632328425911
baseline,radius,p95Bits,23.77958963424509875040
baseline,radius,maxBits,23.78307148941641102624
baseline,radius,meanBits,23.71805755072739074762
baseline,radius,meanDeviationBits,18.06755605094242866926
baseline,radius,columnBits,24.00000000000000000000
baseline,radius,varwidthBits,24.00000000000002131628
baseline,radius,lzmaBits,8.34399999999999941735
baseline,total,minBits,135.93158781653906430620
baseline,total,p5Bits,141.41836002584244624813
baseline,total,p25Bits,143.43515666302084810013
baseline,total,p50Bits,145.07578355689614113544
baseline,total,p75Bits,145.96365413775450292633
baseline,total,p95Bits,146.68420561097926224647
baseline,total,maxBits,146.95825481977229287622
baseline,total,meanBits,144.60172660668686717145
baseline,total,meanDeviationBits,130.79087720212621093197
baseline,total,columnBits,150.00000000000000000000
baseline,total,varwidthBits,148.74999999999960209607
baseline,total,lzmaBits,40.71999999999999886313
delaunay,positionMag,min,0.03410216395676047424
delaunay,positionMag,p5,0.04668691277995855315
delaunay,positionMag,p25,0.04973981960162647542
delaunay,positionMag,p50,0.05127946215059432655
delaunay,positionMag,p75,0.05293431419009314576
delaunay,positionMag,p95,0.06949512255756300216
delaunay,positionMag,max,0.81935163187601112167
delaunay,positionMag,mean,0.05611823912623116473
delaunay,positionMag,trueMean,0.05611823912623116473
delaunay,positionMag,meanDeviation,0.00947663564533109647
delaunay,positionMag,minBits,25.12600717755953638743
delaunay,positionMag,p5Bits,25.57916205982713719891
delaunay,positionMag,p25Bits,25.67054513939102733389
delaunay,positionMag,p50Bits,25.71452499282384707158
delaunay,positionMag,p75Bits,25.76034710058617704931
delaunay,positionMag,p95Bits,26.15305557624094134894
delaunay,positionMag,maxBits,29.71255463827154841283
delaunay,positionMag,meanBits,25.77626777266604207739
delaunay,positionMag,meanDeviationBits,22.44628529183413689907
delaunay,positionMag,columnBits,30.00000000000000000000
delaunay,positionMag,varwidthBits,26.49982835564836491926
delaunay,positionMag,lzmaBits,8.16477857878475710152
delaunay,positionMagTouching,min,0.00000000000000000000
delaunay,positionMagTouching,p5,0.00000509738072224791
delaunay,positionMagTouching,p25,0.00042210409964177353
delaunay,positionMagTouching,p50,0.00126306863957459381
delaunay,positionMagTouching,p75,0.00306320841294821511
delaunay,positionMagTouching,p95,0.01856872812767748626
delaunay,positionMagTouching,max,0.76651633691598874965
delaunay,positionMagTouching,mean,0.00668727300427405559
delaunay,positionMagTouching,trueMean,0.00465319592858002944
delaunay,positionMagTouching,meanDeviation,0.00953014641522318198
delaunay,positionMagTouching,minBits,1.00000000000000000000
delaunay,positionMagTouching,p5Bits,12.41871462460589725652
delaunay,positionMagTouching,p25Bits,18.78989282809494554272
delaunay,positionMagTouching,p50Bits,20.37115088523457728797
delaunay,positionMagTouching,p75Bits,21.64926012019292045352
delaunay,positionMagTouching,p95Bits,24.24901895563754550267
delaunay,positionMagTouching,maxBits,29.61638844927807667773
delaunay,positionMagTouching,meanBits,19.53045310017643387823
delaunay,positionMagTouching,meanDeviationBits,22.48761352030666316182
delaunay,positionMagTouching,columnBits,30.00000000000000000000
delaunay,positionMagTouching,varwidthBits,22.62444215585271578561
delaunay,positionMagTouching,lzmaBits,8.16477857878475710152
delaunay,positionTheta,min,0.00062736335433299928
delaunay,positionTheta,p5,0.02946536602986782327
delaunay,positionTheta,p25,0.79928888537719444685
delaunay,positionTheta,p50,1.10364146776272953332
delaunay,positionTheta,p75,2.06260682856025301390
delaunay,positionTheta,p95,2.17915630923853331780
delaunay,positionTheta,max,3.14159265358979311600
delaunay,positionTheta,mean,1.22609471644481193842
delaunay,positionTheta,trueMean,-0.04078857846723307062
delaunay,positionTheta,meanDeviation,1.22578915315447889434
delaunay,positionTheta,minBits,19.36159316448031830760
delaunay,positionTheta,p5Bits,24.91516408942652560654
delaunay,positionTheta,p25Bits,29.67678893625267377843
delaunay,positionTheta,p50Bits,30.14227157247692545639
delaunay,positionTheta,p75Bits,31.04446884407599327460
delaunay,positionTheta,p95Bits,31.12376968482573857955
delaunay,positionTheta,maxBits,31.65149613032768982634
delaunay,positionTheta,meanBits,29.55108391212028706718
delaunay,positionTheta,meanDeviationBits,29.56210058842384924560
delaunay,positionTheta,columnBits,32.00000000000000000000
delaunay,positionTheta,varwidthBits,31.49982835564610894608
delaunay,positionTheta,lzmaBits,8.17301750772399593359
delaunay,velocityMag,min,0.00000241314862784157
delaunay,velocityMag,p5,0.00006003353990712156
delaunay,velocityMag,p25,0.00011646657119507735
delaunay,velocityMag,p50,0.00016421862578456619
delaunay,velocityMag,p75,0.00021560058359326647
delaunay,velocityMag,p95,0.00030946867121754587
delaunay,velocityMag,max,0.00220674113478965634
delaunay,velocityMag,mean,0.00017676633492030725
delaunay,velocityMag,trueMean,0.00017676633492030725
delaunay,velocityMag,meanDeviation,0.00006622388760475451
delaunay,velocityMag,minBits,11.34046135408468813921
delaunay,velocityMag,p5Bits,15.97617302668907157681
delaunay,velocityMag,p25Bits,16.93222661813738483261
delaunay,velocityMag,p50Bits,17.42792175190233194826
delaunay,velocityMag,p75Bits,17.82066116753916062976
delaunay,velocityMag,p95Bits,18.34208967068518347787
delaunay,velocityMag,maxBits,21.17613433502512165774
delaunay,velocityMag,meanBits,17.33365867889857980799
delaunay,velocityMag,meanDeviationBits,15.40579573129993562475
delaunay,velocityMag,columnBits,22.00000000000000000000
delaunay,velocityMag,varwidthBits,18.62478544455895601573
delaunay,velocityMag,lzmaBits,8.17027119807758239745
delaunay,velocityTheta,min,0.00000134234569652042
delaunay,velocityTheta,p5,0.00543450600622909230
delaunay,velocityTheta,p25,0.02597849454980022399
delaunay,velocityTheta,p50,0.05129786956969597383
delaunay,velocityTheta,p75,0.08212480014321638100
delaunay,velocityTheta,p95,0.13994938455766020580
delaunay,velocityTheta,max,2.66681191980160736676
delaunay,velocityTheta,mean,0.06603717452594190518
delaunay,velocityTheta,trueMean,0.06603717452594190518
delaunay,velocityTheta,meanDeviation,0.04247460974567533049
delaunay,velocityTheta,minBits,10.49518819245258782757
delaunay,velocityTheta,p5Bits,22.47636511079637955390
delaunay,velocityTheta,p25Bits,24.73346174289395804635
delaunay,velocityTheta,p50Bits,25.71504277372394753343
delaunay,velocityTheta,p75Bits,26.39396179748056425751
delaunay,velocityTheta,p95Bits,27.16297706683359081126
delaunay,velocityTheta,maxBits,31.41511608163790469916
delaunay,velocityTheta,meanBits,25.39244066705717983723
delaunay,velocityTheta,meanDeviationBits,24.67090708782013308564
delaunay,velocityTheta,columnBits,32.00000000000000000000
delaunay,velocityTheta,varwidthBits,27.12461380020631196430
delaunay,velocityTheta,lzmaBits,8.17851012701682122952
delaunay,radius,min,0.00000019704103633097
delaunay,radius,p5,0.00005685632608169039
delaunay,radius,p25,0.00037914895440761126
delaunay,radius,p50,0.00083186741197787545
delaunay,radius,p75,0.00140273492458694096
delaunay,radius,p95,0.00239356299538881837
delaunay,radius,max,0.00324687667725578888
delaunay,radius,mean,0.00096346680942489219
delaunay,radius,trueMean,-0.00001462480574926153
delaunay,radius,meanDeviation,0.00096339106585373866
delaunay,radius,minBits,7.73857331484641264296
delaunay,radius,p5Bits,15.89772766685039506740
delaunay,radius,p25Bits,18.63505945231320026778
delaunay,radius,p50Bits,19.76864445209699283623
delaunay,radius,p75Bits,20.52246003906409299589
delaunay,radius,p95Bits,21.29337661439589624024
delaunay,radius,maxBits,21.73326913225016099318
delaunay,radius,meanBits,19.35819688636984636787
delaunay,radius,meanDeviationBits,19.34955175947955297033
delaunay,radius,columnBits,22.00000000000000000000
delaunay,radius,varwidthBits,20.62478544455873219476
delaunay,radius,lzmaBits,8.16752488843117063766
delaunay,total,minBits,79.86706059347426389650
delaunay,total,p5Bits,99.71030235373771688501
delaunay,total,p25Bits,108.80765595944365031755
delaunay,total,p50Bits,112.02485880753366132012
delaunay,total,p75Bits,114.68322239530638739780
delaunay,total,p95Bits,118.60726353883947581380
delaunay,total,maxBits,131.23597549767231384976
delaunay,total,meanBits,111.16583324462251880504
delaunay,total,meanDeviationBits,111.47596868733027974940
delaunay,total,columnBits,138.00000000000000000000
delaunay,total,varwidthBits,120.49845520082283201191
delaunay,total,lzmaBits,40.56024716786817663206
mst.positionMag,positionMag,min,0.03410216395676047424
mst.positionMag,positionMag,p5,0.04460449812727157459
mst.positionMag,positionMag,p25,0.04786601660326105651
mst.positionMag,positionMag,p50,0.04921284722234395281
mst.positionMag,positionMag,p75,0.05012718307017456632
mst.positionMag,positionMag,p95,0.05130305600556560319
mst.positionMag,positionMag,max,0.05320619820391078031
mst.positionMag,positionMag,mean,0.04874283423986267710
mst.positionMag,positionMag,trueMean,0.04874283423986267710
mst.positionMag,positionMag,meanDeviation,0.00156183918146472864
mst.positionMag,positionMag,minBits,25.12600717755953638743
mst.positionMag,positionMag,p5Bits,25.51333307610275369370
mst.positionMag,positionMag,p25Bits,25.61514561673445555812
mst.positionMag,positionMag,p50Bits,25.65517885121683505645
mst.positionMag,positionMag,p75Bits,25.68173702704059735424
mst.positionMag,positionMag,p95Bits,25.71518862903668889430
mst.positionMag,positionMag,maxBits,25.76773818159249884729
mst.positionMag,positionMag,meanBits,25.63991044268385266491
mst.positionMag,positionMag,meanDeviationBits,20.06918931608746703432
mst.positionMag,positionMag,columnBits,26.00000000000000000000
mst.positionMag,positionMag,varwidthBits,26.00000000000038369308
mst.positionMag,positionMag,lzmaBits,8.33633633633633586157
mst.positionMag,positionMagTouching,min,0.00000000000000000000
mst.positionMag,positionMagTouching,p5,0.00004790487886707773
mst.positionMag,positionMagTouching,p25,0.00073029702064365126
mst.positionMag,positionMagTouching,p50,0.00195494453171092541
mst.positionMag,positionMagTouching,p75,0.00318944609052653621
mst.positionMag,positionMagTouching,p95,0.00637978692806878689
mst.positionMag,positionMagTouching,max,0.01787604869172852023
mst.positionMag,positionMagTouching,mean,0.00231206031635179015
mst.positionMag,positionMagTouching,trueMean,-0.00227522986973305004
mst.positionMag,positionMagTouching,meanDeviation,0.00158596634343988359
mst.positionMag,positionMagTouching,minBits,1.00000000000000000000
mst.positionMag,positionMagTouching,p5Bits,15.65058821413217060581
mst.positionMag,positionMagTouching,p25Bits,19.58077464497777953056
mst.positionMag,positionMagTouching,p50Bits,21.00134476396672766896
mst.positionMag,positionMagTouching,p75Bits,21.70752245150886494685
mst.positionMag,positionMagTouching,p95Bits,22.70772437825699086034
mst.positionMag,positionMagTouching,maxBits,24.19417184009103394260
mst.positionMag,positionMagTouching,meanBits,19.90601581352322568819
mst.positionMag,positionMagTouching,meanDeviationBits,20.02171357191346956483
mst.positionMag,positionMagTouching,columnBits,25.00000000000000000000
mst.positionMag,positionMagTouching,varwidthBits,22.50050050050015215675
mst.positionMag,positionMagTouching,lzmaBits,8.32832832832832892223
mst.positionMag,positionTheta,min,0.00064963803600992520
mst.positionMag,positionTheta,p5,0.02567524171687818324
mst.positionMag,positionTheta,p25,0.72220280587299257036
mst.positionMag,positionTheta,p50,1.09781480967628386480
mst.positionMag,positionTheta,p75,2.02277622340252705158
mst.positionMag,positionTheta,p95,2.12701273474802299290
mst.positionMag,positionTheta,max,3.14159265358979311600
mst.positionMag,positionTheta,mean,1.19662826722051729433
mst.positionMag,positionTheta,trueMean,-0.03070849404159432458
mst.positionMag,positionTheta,meanDeviation,1.19677945100171911896
mst.positionMag,positionTheta,minBits,19.41192786107733425638
mst.positionMag,positionTheta,p5Bits,24.71652177359653279609
mst.positionMag,positionTheta,p25Bits,29.53047593423110228628
mst.positionMag,positionTheta,p50Bits,30.13463470916332198613
mst.positionMag,positionTheta,p75Bits,31.01633672693673915433
mst.positionMag,positionTheta,p95Bits,31.08882867222196821899
mst.positionMag,positionTheta,maxBits,31.65149613032768982634
mst.positionMag,positionTheta,meanBits,29.48731054074110957686
mst.positionMag,positionTheta,meanDeviationBits,29.49677158243186880782
mst.positionMag,positionTheta,columnBits,32.00000000000000000000
mst.positionMag,positionTheta,varwidthBits,31.49949949949908756253
mst.positionMag,positionTheta,lzmaBits,8.34434434434434457728
mst.positionMag,velocityMag,min,0.00000937632058771141
mst.positionMag,velocityMag,p5,0.00005458811822919715
mst.positionMag,velocityMag,p25,0.00011139967637205770
mst.positionMag,velocityMag,p50,0.00015327458138120927
mst.positionMag,velocityMag,p75,0.00020536516510033428
mst.positionMag,velocityMag,p95,0.00027921622281624890
mst.positionMag,velocityMag,max,0.00052901216286817363
mst.positionMag,velocityMag,mean,0.00015929212049086786
mst.positionMag,velocityMag,trueMean,0.00015929212049086786
mst.positionMag,velocityMag,meanDeviation,0.00005554764005684804
mst.positionMag,velocityMag,minBits,13.29773989768048636506
mst.positionMag,velocityMag,p5Bits,15.83899571719797805258
mst.positionMag,velocityMag,p25Bits,16.86805678416220644067
mst.positionMag,velocityMag,p50Bits,17.32842361687575305496
mst.positionMag,velocityMag,p75Bits,17.75049219194826122248
mst.positionMag,velocityMag,p95Bits,18.19368001099685017152
mst.positionMag,velocityMag,maxBits,19.11559359282818704173
mst.positionMag,velocityMag,meanBits,17.21732605754120015717
mst.positionMag,velocityMag,meanDeviationBits,15.30525782959313474407
mst.positionMag,velocityMag,columnBits,20.00000000000000000000
mst.positionMag,velocityMag,varwidthBits,18.25025025025055569472
mst.positionMag,velocityMag,lzmaBits,8.34434434434434457728
mst.positionMag,velocityTheta,min,0.00014336473563501429
mst.positionMag,velocityTheta,p5,0.00559734063254681453
mst.positionMag,velocityTheta,p25,0.02679656540810064491
mst.positionMag,velocityTheta,p50,0.05343015519938035945
mst.positionMag,velocityTheta,p75,0.08240184281442912428
mst.positionMag,velocityTheta,p95,0.12577847101540526320
mst.positionMag,velocityTheta,max,0.24269146349490458570
mst.positionMag,velocityTheta,mean,0.05789189868262542560
mst.positionMag,velocityTheta,trueMean,0.05789189868262542560
mst.positionMag,velocityTheta,meanDeviation,0.03142782252270691357
mst.positionMag,velocityTheta,minBits,17.23199656284018743690
mst.positionMag,velocityTheta,p5Bits,22.51895774268510308502
mst.positionMag,velocityTheta,p25Bits,24.77819200871927662888
mst.positionMag,velocityTheta,p50Bits,25.77379806830440500676
mst.positionMag,velocityTheta,p75Bits,26.39882044468083677202
mst.positionMag,velocityTheta,p95Bits,27.00895692963782579454
mst.positionMag,velocityTheta,maxBits,27.95719527976222096299
mst.positionMag,velocityTheta,meanBits,25.39883144149694160774
mst.positionMag,velocityTheta,meanDeviationBits,24.48862310648351936493
mst.positionMag,velocityTheta,columnBits,28.00000000000000000000
mst.positionMag,velocityTheta,varwidthBits,26.62462462462496759485
mst.positionMag,velocityTheta,lzmaBits,8.33633633633633586157
mst.positionMag,radius,min,0.00000320294481827299
mst.positionMag,radius,p5,0.00006330996154650659
mst.positionMag,radius,p25,0.00046701490901593368
mst.positionMag,radius,p50,0.00097183526526402331
mst.positionMag,radius,p75,0.00159267272270312635
mst.positionMag,radius,p95,0.00253448340671620295
mst.positionMag,radius,max,0.00322457092359233755
mst.positionMag,radius,mean,0.00108103226064957202
mst.positionMag,radius,trueMean,-0.00003767951932418779
mst.positionMag,radius,meanDeviation,0.00108112855829144866
mst.positionMag,radius,minBits,11.74866911672118874321
mst.positionMag,radius,p5Bits,16.05283448982365257507
mst.positionMag,radius,p25Bits,18.93576198185827763609
mst.positionMag,radius,p50Bits,19.99300217044768146479
mst.positionMag,radius,p75Bits,20.70566724142122794206
mst.positionMag,radius,p95Bits,21.37590849422640459920
mst.positionMag,radius,maxBits,21.72332375029141360301
mst.positionMag,radius,meanBits,19.55559834348412451277
mst.positionMag,radius,meanDeviationBits,19.56186804537089685141
mst.positionMag,radius,columnBits,22.00000000000000000000
mst.positionMag,radius,varwidthBits,20.74974974974957930840
mst.positionMag,radius,lzmaBits,8.34434434434434457728
mst.positionMag,total,minBits,84.66017367989839215170
mst.positionMag,total,p5Bits,102.95731622718761855140
mst.positionMag,total,p25Bits,109.64294069637193729250
mst.positionMag,total,p50Bits,112.48842744900593970669
mst.positionMag,total,p75Bits,114.91307814819475652257
mst.positionMag,total,p95Bits,117.21770373003545273605
mst.positionMag,total,maxBits,119.56361611197633010306
mst.positionMag,total,meanBits,111.56508219678653404117
mst.positionMag,total,meanDeviationBits,108.87423413579281827879
mst.positionMag,total,columnBits,127.00000000000000000000
mst.positionMag,total,varwidthBits,119.62462462462434586996
mst.positionMag,total,lzmaBits,40.68868868868868560185
mst.totalBits,positionMag,min,0.04002008832943927674
mst.totalBits,positionMag,p5,0.04738759169559426943
mst.totalBits,positionMag,p25,0.05008854428776320089
mst.totalBits,positionMag,p50,0.05130693139906788991
mst.totalBits,positionMag,p75,0.05247103219009791736
mst.totalBits,positionMag,p95,0.05403670623102110188
mst.totalBits,positionMag,max,0.07378916827627438058
mst.totalBits,positionMag,mean,0.05122214776097096939
mst.totalBits,positionMag,trueMean,0.05122214776097096939
mst.totalBits,positionMag,meanDeviation,0.00167272223670250175
mst.totalBits,positionMag,minBits,25.35686822883140578710
mst.totalBits,positionMag,p5Bits,25.60065320996463356096
mst.totalBits,positionMag,p25Bits,25.68062454735441235698
mst.totalBits,positionMag,p50Bits,25.71529760499367611715
mst.totalBits,positionMag,p75Bits,25.74766503184435606499
mst.totalBits,positionMag,p95Bits,25.79008359884889145519
mst.totalBits,positionMag,maxBits,26.23955290112638749633
mst.totalBits,positionMag,meanBits,25.71114460942454016390
mst.totalBits,positionMag,meanDeviationBits,20.01673020440743755444
mst.totalBits,positionMag,columnBits,27.00000000000000000000
mst.totalBits,positionMag,varwidthBits,26.12512512512549633925
mst.totalBits,positionMag,lzmaBits,8.34434434434434457728
mst.totalBits,positionMagTouching,min,0.00000000000000000000
mst.totalBits,positionMagTouching,p5,0.00000000000000005551
mst.totalBits,positionMagTouching,p25,0.00008961083470657855
mst.totalBits,positionMagTouching,p50,0.00044987024699767036
mst.totalBits,positionMagTouching,p75,0.00142668185159341293
mst.totalBits,positionMagTouching,p95,0.00431371849218743081
mst.totalBits,positionMagTouching,max,0.02070044697983636217
mst.totalBits,positionMagTouching,mean,0.00114511183792753040
mst.totalBits,positionMagTouching,trueMean,-0.00034268391399004997
mst.totalBits,positionMagTouching,meanDeviation,0.00116636335737027455
mst.totalBits,positionMagTouching,minBits,1.00000000000000000000
mst.totalBits,positionMagTouching,p5Bits,1.00000004299566214172
mst.totalBits,positionMagTouching,p25Bits,16.55406268986089202144
mst.totalBits,positionMagTouching,p50Bits,18.88180254854277961840
mst.totalBits,positionMagTouching,p75Bits,20.54688125023885092446
mst.totalBits,positionMagTouching,p95Bits,22.14314836940398123488
mst.totalBits,positionMagTouching,maxBits,24.40580585987267170367
mst.totalBits,positionMagTouching,meanBits,16.66738128771441651566
mst.totalBits,positionMagTouching,meanDeviationBits,19.18800285839168040525
mst.totalBits,positionMagTouching,columnBits,25.00000000000000000000
mst.totalBits,positionMagTouching,varwidthBits,20.62462462462467627233
mst.totalBits,positionMagTouching,lzmaBits,8.31231231231231149081
mst.totalBits,positionTheta,min,0.00062736335433299928
mst.totalBits,positionTheta,p5,0.01239639232759603971
mst.totalBits,positionTheta,p25,0.06441954739919975026
mst.totalBits,positionTheta,p50,0.91990426638759714706
mst.totalBits,positionTheta,p75,1.39531849693010734370
mst.totalBits,positionTheta,p95,2.13235956622609279520
mst.totalBits,positionTheta,max,3.14159265358979311600
mst.totalBits,positionTheta,mean,0.86649733449488375303
mst.totalBits,positionTheta,trueMean,0.00949212290282536696
mst.totalBits,positionTheta,meanDeviation,0.86679567197022022729
mst.totalBits,positionTheta,minBits,19.36159316448031830760
mst.totalBits,positionTheta,p5Bits,23.66606434693710525607
mst.totalBits,positionTheta,p25Bits,26.04364237656574943003
mst.totalBits,positionTheta,p50Bits,29.87955563703573957923
mst.totalBits,positionTheta,p75Bits,30.48059447272251532013
mst.totalBits,positionTheta,p95Bits,31.09245073235566536596
mst.totalBits,positionTheta,maxBits,31.65149613032768982634
mst.totalBits,positionTheta,meanBits,28.37995893339807551570
mst.totalBits,positionTheta,meanDeviationBits,28.36519583445818071255
mst.totalBits,positionTheta,columnBits,32.00000000000000000000
mst.totalBits,positionTheta,varwidthBits,30.74974974974953312312
mst.totalBits,positionTheta,lzmaBits,8.34434434434434457728
mst.totalBits,velocityMag,min,0.00000241314862784157
mst.totalBits,velocityMag,p5,0.00004377094112622600
mst.totalBits,velocityMag,p25,0.00009664078577004161
mst.totalBits,velocityMag,p50,0.00013493175994427992
mst.totalBits,velocityMag,p75,0.00018650683139120942
mst.totalBits,velocityMag,p95,0.00027365210199330902
mst.totalBits,velocityMag,max,0.00042581743239593936
mst.totalBits,velocityMag,mean,0.00014393942116345331
mst.totalBits,velocityMag,trueMean,0.00014393942116345331
mst.totalBits,velocityMag,meanDeviation,0.00005473038927565891
mst.totalBits,velocityMag,minBits,11.34046135408468813921
mst.totalBits,velocityMag,p5Bits,15.52039432118076156542
mst.totalBits,velocityMag,p25Bits,16.66301951668217995461
mst.totalBits,velocityMag,p50Bits,17.14453750245841234801
mst.totalBits,velocityMag,p75Bits,17.61153050321414781365
mst.totalBits,velocityMag,p95Bits,18.16464037859584124135
mst.totalBits,velocityMag,maxBits,18.80252894419425757633
mst.totalBits,velocityMag,meanBits,17.03825564797040215126
mst.totalBits,velocityMag,meanDeviationBits,15.29725717898694981045
mst.totalBits,velocityMag,columnBits,19.00000000000000000000
mst.totalBits,velocityMag,varwidthBits,18.12512512512545015397
mst.totalBits,velocityMag,lzmaBits,8.34434434434434457728
mst.totalBits,velocityTheta,min,0.00000134234569652042
mst.totalBits,velocityTheta,p5,0.00173849303948235123
mst.totalBits,velocityTheta,p25,0.01239086637593636749
mst.totalBits,velocityTheta,p50,0.03054619012111345691
mst.totalBits,velocityTheta,p75,0.05969777146023502734
mst.totalBits,velocityTheta,p95,0.11357640123745724181
mst.totalBits,velocityTheta,max,0.28165841654314244247
mst.totalBits,velocityTheta,mean,0.04113730909506476546
mst.totalBits,velocityTheta,trueMean,0.04113730909506476546
mst.totalBits,velocityTheta,meanDeviation,0.02859539542161582126
mst.totalBits,velocityTheta,minBits,10.49518819245258782757
mst.totalBits,velocityTheta,p5Bits,20.83205455192536703635
mst.totalBits,velocityTheta,p25Bits,23.66542109210325151025
mst.totalBits,velocityTheta,p50Bits,24.96713634907211698533
mst.totalBits,velocityTheta,p75Bits,25.93382093139797106573
mst.totalBits,velocityTheta,p95Bits,26.86173503338253709671
mst.totalBits,velocityTheta,maxBits,28.17201849762309251446
mst.totalBits,velocityTheta,meanBits,24.60526943951909117914
mst.totalBits,velocityTheta,meanDeviationBits,24.37060139820009752043
mst.totalBits,velocityTheta,columnBits,29.00000000000000000000
mst.totalBits,velocityTheta,varwidthBits,26.00000000000045474735
mst.totalBits,velocityTheta,lzmaBits,8.33633633633633586157
mst.totalBits,radius,min,0.00000019704103633097
mst.totalBits,radius,p5,0.00002853937185329225
mst.totalBits,radius,p25,0.00017750043837305371
mst.totalBits,radius,p50,0.00054698172636306538
mst.totalBits,radius,p75,0.00114933459594429924
mst.totalBits,radius,p95,0.00213998211285711809
mst.totalBits,radius,max,0.00324687667725578888
mst.totalBits,radius,mean,0.00075110717687403440
mst.totalBits,radius,trueMean,-0.00006918890796387382
mst.totalBits,radius,meanDeviation,0.00075163547233710049
mst.totalBits,radius,minBits,7.73857331484641264296
mst.totalBits,radius,p5Bits,14.90340726283874062119
mst.totalBits,radius,p25Bits,17.54012534729904615460
mst.totalBits,radius,p50Bits,19.16378516935204956440
mst.totalBits,radius,p75Bits,20.23501691200087293510
mst.totalBits,radius,p95Bits,21.13181570890360205794
mst.totalBits,radius,maxBits,21.73326913225016099318
mst.totalBits,radius,meanBits,18.71074666983716738855
mst.totalBits,radius,meanDeviationBits,18.74732582178130613215
mst.totalBits,radius,columnBits,22.00000000000000000000
mst.totalBits,radius,varwidthBits,20.62462462462446666223
mst.totalBits,radius,lzmaBits,8.34434434434434457728
mst.totalBits,total,minBits,79.86706059347426389650
mst.totalBits,total,p5Bits,92.13242238027314101600
mst.totalBits,total,p25Bits,103.98467061952830192695
mst.totalBits,total,p50Bits,107.26484461790742841458
mst.totalBits,total,p75Bits,109.19263282106916790326
mst.totalBits,total,p95Bits,111.27757249458903743289
mst.totalBits,total,maxBits,114.56650488982606361787
mst.totalBits,total,meanBits,105.40161197843913498673
mst.totalBits,total,meanDeviationBits,105.96838309181805470871
mst.totalBits,total,columnBits,127.00000000000000000000
mst.totalBits,total,varwidthBits,116.12412412412459161715
mst.totalBits,total,lzmaBits,40.57657657657657779282